,RUS,CHN,IND,USA
HKG,0.623533316422852,0.6315886307872711,0.6035938161559863,0.5996563674723455
BHR,0.6100593838347647,0.6198508724838254,0.5915551906254126,-
SCG,0.605505395579654,-,0.5921605147802136,-
TWN,0.6050063040751189,0.6151491271679446,-,-
MNG,0.6041338838116329,0.6138153332136272,0.5917689279911749,-
MUS,-,0.6128680693537312,0.5923656359415673,-
SHN,-,-,-,0.5988767088351161
GIB,-,-,-,0.5969912838268302
LBN,-,-,-,0.591453814007869
AIA,-,-,-,0.5911428641665339
