,RUS,CHN,DEU,USA
SEA,0.043029898842295765,0.04296843389324658,0.043047276578094,0.043032342167712095
HRV,0.04259747885205208,0.04261494642165908,0.04259509459615474,0.04259900805311256
KOR,0.04259394036932967,0.04260934881694652,0.042594339495528516,0.04259555717974128
LVA,0.04259360161917549,0.042609935993730634,-,0.042595100580880715
AUT,0.04259255826600615,-,0.04259316662392489,0.04259413731785306
ARG,-,0.04260759356260298,0.04259316662392489,-
